{
  "project_info": {
    "project_number": "1036908914828",
    "project_id": "instagram-90b61",
    "storage_bucket": "instagram-90b61.appspot.com"
  },
  "client": [
    {
      "client_info": {
        "mobilesdk_app_id": "1:1036908914828:android:37b135f21d74b56983b3a9",
        "android_client_info": {
          "package_name": "com.example.instagram"
        }
      },
      "oauth_client": [],
      "api_key": [
        {
          "current_key": "AIzaSyC43fPR-di1yYOpTrBpbKf9TQ5nqv4IjbQ"
        }
      ],
      "services": {
        "appinvite_service": {
          "other_platform_oauth_client": []
        }
      }
    }
  ],
  "configuration_version": "1"
}